{
  "pets": [
    {
      "name": "Houdini",
      "owner": "Abby",
      "date": "2024-03-27",
      "time": "20:28",
      "note": "Teeth cleaning",
      "id": "2"
    },
    {
      "id": "3",
      "name": "Tobby",
      "owner": "Tom",
      "date": "2024-03-26",
      "time": "12:00",
      "note": "Tobby as been having some issues and is due for his vaccinations"
    },
    {
      "id": "4",
      "name": "Scooby",
      "owner": "Tom",
      "date": "2024-03-24",
      "time": "17:00",
      "note": "Scooby as been having some pain in his front right paw"
    },
    {
      "id": "5",
      "name": "Bart",
      "owner": "Bartosh",
      "date": "2024-04-18",
      "time": "17:29",
      "note": "Random testing"
    },
    {
      "id": "6",
      "name": "Max",
      "owner": "Sarah",
      "date": "2024-05-10",
      "time": "15:00",
      "note": "Max is due for his annual checkup"
    },
    {
      "id": "7",
      "name": "Buddy",
      "owner": "John",
      "date": "2024-04-21",
      "time": "10:00",
      "note": "Buddy has been limping"
    },
    {
      "id": "8",
      "name": "Luna",
      "owner": "Emma",
      "date": "2024-05-21",
      "time": "14:30",
      "note": "Luna is due for her vaccinations"
    },
    {
      "id": "9",
      "name": "Oreo",
      "owner": "Chris",
      "date": "2024-03-30",
      "time": "16:00",
      "note": "Oreo has been scratching a lot"
    },
    {
      "id": "10",
      "name": "Milo",
      "owner": "Lily",
      "date": "2024-03-21",
      "time": "18:00",
      "note": "Milo is due for his dental checkup"
    },
    {
      "id": "bd978018-8794-439b-9eb6-a44316f2d6e2",
      "name": "Milo2",
      "owner": "Lily",
      "date": "2024-03-21",
      "time": "18:00",
      "note": "Milo is due for his dental checkup"
    },
    {
      "id": "2c29f33f-fa3a-46ae-8b94-84fa22e37498",
      "name": "Test",
      "owner": "test",
      "date": "2024-03-13",
      "time": "18:30",
      "note": "test"
    },
    {
      "id": "ef5afb6c-18c9-4105-9af6-c77df943085d",
      "name": "Test2",
      "owner": "test2",
      "date": "2024-03-13",
      "time": "18:30",
      "note": "test"
    }
  ]
}